,movie,description,cleaned_description,sentiment
0,Toy Story (1995),Watch the full interview now as a VladTV Youtube Member: Click Here,watch full interview vladtv youtube member click,0.35
1,Toy Story (1995),"Daily coverage of the pop culture products industry, including toys (action figures, models and statues), anime (anime, manga, and Japanese imports), games (col...",daily coverage pop culture products industry including toys action figures models statues anime anime manga japanese imports games col,0.03333333333333333
2,GoldenEye (1995),Watch the full interview now as a VladTV Youtube Member: Click Here,watch full interview vladtv youtube member click,0.35
3,GoldenEye (1995),"Daily coverage of the pop culture products industry, including toys (action figures, models and statues), anime (anime, manga, and Japanese imports), games (col...",daily coverage pop culture products industry including toys action figures models statues anime anime manga japanese imports games col,0.03333333333333333
4,Four Rooms (1995),Watch the full interview now as a VladTV Youtube Member: Click Here,watch full interview vladtv youtube member click,0.35
5,Four Rooms (1995),"Daily coverage of the pop culture products industry, including toys (action figures, models and statues), anime (anime, manga, and Japanese imports), games (col...",daily coverage pop culture products industry including toys action figures models statues anime anime manga japanese imports games col,0.03333333333333333
6,Get Shorty (1995),Watch the full interview now as a VladTV Youtube Member: Click Here,watch full interview vladtv youtube member click,0.35
7,Get Shorty (1995),"Daily coverage of the pop culture products industry, including toys (action figures, models and statues), anime (anime, manga, and Japanese imports), games (col...",daily coverage pop culture products industry including toys action figures models statues anime anime manga japanese imports games col,0.03333333333333333
8,Copycat (1995),Watch the full interview now as a VladTV Youtube Member: Click Here,watch full interview vladtv youtube member click,0.35
9,Copycat (1995),"Daily coverage of the pop culture products industry, including toys (action figures, models and statues), anime (anime, manga, and Japanese imports), games (col...",daily coverage pop culture products industry including toys action figures models statues anime anime manga japanese imports games col,0.03333333333333333
10,Shanghai Triad (Yao a yao yao dao waipo qiao) (1995),Watch the full interview now as a VladTV Youtube Member: Click Here,watch full interview vladtv youtube member click,0.35
11,Shanghai Triad (Yao a yao yao dao waipo qiao) (1995),"Daily coverage of the pop culture products industry, including toys (action figures, models and statues), anime (anime, manga, and Japanese imports), games (col...",daily coverage pop culture products industry including toys action figures models statues anime anime manga japanese imports games col,0.03333333333333333
12,Twelve Monkeys (1995),Watch the full interview now as a VladTV Youtube Member: Click Here,watch full interview vladtv youtube member click,0.35
13,Twelve Monkeys (1995),"Daily coverage of the pop culture products industry, including toys (action figures, models and statues), anime (anime, manga, and Japanese imports), games (col...",daily coverage pop culture products industry including toys action figures models statues anime anime manga japanese imports games col,0.03333333333333333
14,Babe (1995),Watch the full interview now as a VladTV Youtube Member: Click Here,watch full interview vladtv youtube member click,0.35
15,Babe (1995),"Daily coverage of the pop culture products industry, including toys (action figures, models and statues), anime (anime, manga, and Japanese imports), games (col...",daily coverage pop culture products industry including toys action figures models statues anime anime manga japanese imports games col,0.03333333333333333
16,Dead Man Walking (1995),Watch the full interview now as a VladTV Youtube Member: Click Here,watch full interview vladtv youtube member click,0.35
17,Dead Man Walking (1995),"Daily coverage of the pop culture products industry, including toys (action figures, models and statues), anime (anime, manga, and Japanese imports), games (col...",daily coverage pop culture products industry including toys action figures models statues anime anime manga japanese imports games col,0.03333333333333333
18,Richard III (1995),Watch the full interview now as a VladTV Youtube Member: Click Here,watch full interview vladtv youtube member click,0.35
19,Richard III (1995),"Daily coverage of the pop culture products industry, including toys (action figures, models and statues), anime (anime, manga, and Japanese imports), games (col...",daily coverage pop culture products industry including toys action figures models statues anime anime manga japanese imports games col,0.03333333333333333
20,Seven (Se7en) (1995),Watch the full interview now as a VladTV Youtube Member: Click Here,watch full interview vladtv youtube member click,0.35
21,Seven (Se7en) (1995),"Daily coverage of the pop culture products industry, including toys (action figures, models and statues), anime (anime, manga, and Japanese imports), games (col...",daily coverage pop culture products industry including toys action figures models statues anime anime manga japanese imports games col,0.03333333333333333
22,"Usual Suspects, The (1995)",Watch the full interview now as a VladTV Youtube Member: Click Here,watch full interview vladtv youtube member click,0.35
23,"Usual Suspects, The (1995)","Daily coverage of the pop culture products industry, including toys (action figures, models and statues), anime (anime, manga, and Japanese imports), games (col...",daily coverage pop culture products industry including toys action figures models statues anime anime manga japanese imports games col,0.03333333333333333
24,Mighty Aphrodite (1995),Watch the full interview now as a VladTV Youtube Member: Click Here,watch full interview vladtv youtube member click,0.35
25,Mighty Aphrodite (1995),"Daily coverage of the pop culture products industry, including toys (action figures, models and statues), anime (anime, manga, and Japanese imports), games (col...",daily coverage pop culture products industry including toys action figures models statues anime anime manga japanese imports games col,0.03333333333333333
26,"Postino, Il (1994)",Watch the full interview now as a VladTV Youtube Member: Click Here,watch full interview vladtv youtube member click,0.35
27,"Postino, Il (1994)","Daily coverage of the pop culture products industry, including toys (action figures, models and statues), anime (anime, manga, and Japanese imports), games (col...",daily coverage pop culture products industry including toys action figures models statues anime anime manga japanese imports games col,0.03333333333333333
28,Mr. Holland's Opus (1995),Watch the full interview now as a VladTV Youtube Member: Click Here,watch full interview vladtv youtube member click,0.35
29,Mr. Holland's Opus (1995),"Daily coverage of the pop culture products industry, including toys (action figures, models and statues), anime (anime, manga, and Japanese imports), games (col...",daily coverage pop culture products industry including toys action figures models statues anime anime manga japanese imports games col,0.03333333333333333
30,French Twist (Gazon maudit) (1995),Watch the full interview now as a VladTV Youtube Member: Click Here,watch full interview vladtv youtube member click,0.35
31,French Twist (Gazon maudit) (1995),"Daily coverage of the pop culture products industry, including toys (action figures, models and statues), anime (anime, manga, and Japanese imports), games (col...",daily coverage pop culture products industry including toys action figures models statues anime anime manga japanese imports games col,0.03333333333333333
32,From Dusk Till Dawn (1996),Watch the full interview now as a VladTV Youtube Member: Click Here,watch full interview vladtv youtube member click,0.35
33,From Dusk Till Dawn (1996),"Daily coverage of the pop culture products industry, including toys (action figures, models and statues), anime (anime, manga, and Japanese imports), games (col...",daily coverage pop culture products industry including toys action figures models statues anime anime manga japanese imports games col,0.03333333333333333
34,"White Balloon, The (1995)",Watch the full interview now as a VladTV Youtube Member: Click Here,watch full interview vladtv youtube member click,0.35
35,"White Balloon, The (1995)","Daily coverage of the pop culture products industry, including toys (action figures, models and statues), anime (anime, manga, and Japanese imports), games (col...",daily coverage pop culture products industry including toys action figures models statues anime anime manga japanese imports games col,0.03333333333333333
36,Antonia's Line (1995),Watch the full interview now as a VladTV Youtube Member: Click Here,watch full interview vladtv youtube member click,0.35
37,Antonia's Line (1995),"Daily coverage of the pop culture products industry, including toys (action figures, models and statues), anime (anime, manga, and Japanese imports), games (col...",daily coverage pop culture products industry including toys action figures models statues anime anime manga japanese imports games col,0.03333333333333333
38,Angels and Insects (1995),Watch the full interview now as a VladTV Youtube Member: Click Here,watch full interview vladtv youtube member click,0.35
39,Angels and Insects (1995),"Daily coverage of the pop culture products industry, including toys (action figures, models and statues), anime (anime, manga, and Japanese imports), games (col...",daily coverage pop culture products industry including toys action figures models statues anime anime manga japanese imports games col,0.03333333333333333
40,Muppet Treasure Island (1996),Watch the full interview now as a VladTV Youtube Member: Click Here,watch full interview vladtv youtube member click,0.35
41,Muppet Treasure Island (1996),"Daily coverage of the pop culture products industry, including toys (action figures, models and statues), anime (anime, manga, and Japanese imports), games (col...",daily coverage pop culture products industry including toys action figures models statues anime anime manga japanese imports games col,0.03333333333333333
42,Braveheart (1995),Watch the full interview now as a VladTV Youtube Member: Click Here,watch full interview vladtv youtube member click,0.35
43,Braveheart (1995),"Daily coverage of the pop culture products industry, including toys (action figures, models and statues), anime (anime, manga, and Japanese imports), games (col...",daily coverage pop culture products industry including toys action figures models statues anime anime manga japanese imports games col,0.03333333333333333
44,Taxi Driver (1976),Watch the full interview now as a VladTV Youtube Member: Click Here,watch full interview vladtv youtube member click,0.35
45,Taxi Driver (1976),"Daily coverage of the pop culture products industry, including toys (action figures, models and statues), anime (anime, manga, and Japanese imports), games (col...",daily coverage pop culture products industry including toys action figures models statues anime anime manga japanese imports games col,0.03333333333333333
46,Rumble in the Bronx (1995),Watch the full interview now as a VladTV Youtube Member: Click Here,watch full interview vladtv youtube member click,0.35
47,Rumble in the Bronx (1995),"Daily coverage of the pop culture products industry, including toys (action figures, models and statues), anime (anime, manga, and Japanese imports), games (col...",daily coverage pop culture products industry including toys action figures models statues anime anime manga japanese imports games col,0.03333333333333333
48,"Birdcage, The (1996)",Watch the full interview now as a VladTV Youtube Member: Click Here,watch full interview vladtv youtube member click,0.35
49,"Birdcage, The (1996)","Daily coverage of the pop culture products industry, including toys (action figures, models and statues), anime (anime, manga, and Japanese imports), games (col...",daily coverage pop culture products industry including toys action figures models statues anime anime manga japanese imports games col,0.03333333333333333
50,"Brothers McMullen, The (1995)",Watch the full interview now as a VladTV Youtube Member: Click Here,watch full interview vladtv youtube member click,0.35
51,"Brothers McMullen, The (1995)","Daily coverage of the pop culture products industry, including toys (action figures, models and statues), anime (anime, manga, and Japanese imports), games (col...",daily coverage pop culture products industry including toys action figures models statues anime anime manga japanese imports games col,0.03333333333333333
52,Bad Boys (1995),Watch the full interview now as a VladTV Youtube Member: Click Here,watch full interview vladtv youtube member click,0.35
53,Bad Boys (1995),"Daily coverage of the pop culture products industry, including toys (action figures, models and statues), anime (anime, manga, and Japanese imports), games (col...",daily coverage pop culture products industry including toys action figures models statues anime anime manga japanese imports games col,0.03333333333333333
54,Apollo 13 (1995),Watch the full interview now as a VladTV Youtube Member: Click Here,watch full interview vladtv youtube member click,0.35
55,Apollo 13 (1995),"Daily coverage of the pop culture products industry, including toys (action figures, models and statues), anime (anime, manga, and Japanese imports), games (col...",daily coverage pop culture products industry including toys action figures models statues anime anime manga japanese imports games col,0.03333333333333333
56,Batman Forever (1995),Watch the full interview now as a VladTV Youtube Member: Click Here,watch full interview vladtv youtube member click,0.35
57,Batman Forever (1995),"Daily coverage of the pop culture products industry, including toys (action figures, models and statues), anime (anime, manga, and Japanese imports), games (col...",daily coverage pop culture products industry including toys action figures models statues anime anime manga japanese imports games col,0.03333333333333333
58,Belle de jour (1967),Watch the full interview now as a VladTV Youtube Member: Click Here,watch full interview vladtv youtube member click,0.35
59,Belle de jour (1967),"Daily coverage of the pop culture products industry, including toys (action figures, models and statues), anime (anime, manga, and Japanese imports), games (col...",daily coverage pop culture products industry including toys action figures models statues anime anime manga japanese imports games col,0.03333333333333333
60,Crimson Tide (1995),Watch the full interview now as a VladTV Youtube Member: Click Here,watch full interview vladtv youtube member click,0.35
61,Crimson Tide (1995),"Daily coverage of the pop culture products industry, including toys (action figures, models and statues), anime (anime, manga, and Japanese imports), games (col...",daily coverage pop culture products industry including toys action figures models statues anime anime manga japanese imports games col,0.03333333333333333
62,Crumb (1994),Watch the full interview now as a VladTV Youtube Member: Click Here,watch full interview vladtv youtube member click,0.35
63,Crumb (1994),"Daily coverage of the pop culture products industry, including toys (action figures, models and statues), anime (anime, manga, and Japanese imports), games (col...",daily coverage pop culture products industry including toys action figures models statues anime anime manga japanese imports games col,0.03333333333333333
64,Desperado (1995),Watch the full interview now as a VladTV Youtube Member: Click Here,watch full interview vladtv youtube member click,0.35
65,Desperado (1995),"Daily coverage of the pop culture products industry, including toys (action figures, models and statues), anime (anime, manga, and Japanese imports), games (col...",daily coverage pop culture products industry including toys action figures models statues anime anime manga japanese imports games col,0.03333333333333333
66,"Doom Generation, The (1995)",Watch the full interview now as a VladTV Youtube Member: Click Here,watch full interview vladtv youtube member click,0.35
67,"Doom Generation, The (1995)","Daily coverage of the pop culture products industry, including toys (action figures, models and statues), anime (anime, manga, and Japanese imports), games (col...",daily coverage pop culture products industry including toys action figures models statues anime anime manga japanese imports games col,0.03333333333333333
68,Free Willy 2: The Adventure Home (1995),Watch the full interview now as a VladTV Youtube Member: Click Here,watch full interview vladtv youtube member click,0.35
69,Free Willy 2: The Adventure Home (1995),"Daily coverage of the pop culture products industry, including toys (action figures, models and statues), anime (anime, manga, and Japanese imports), games (col...",daily coverage pop culture products industry including toys action figures models statues anime anime manga japanese imports games col,0.03333333333333333
70,Mad Love (1995),Watch the full interview now as a VladTV Youtube Member: Click Here,watch full interview vladtv youtube member click,0.35
71,Mad Love (1995),"Daily coverage of the pop culture products industry, including toys (action figures, models and statues), anime (anime, manga, and Japanese imports), games (col...",daily coverage pop culture products industry including toys action figures models statues anime anime manga japanese imports games col,0.03333333333333333
72,Nadja (1994),Watch the full interview now as a VladTV Youtube Member: Click Here,watch full interview vladtv youtube member click,0.35
73,Nadja (1994),"Daily coverage of the pop culture products industry, including toys (action figures, models and statues), anime (anime, manga, and Japanese imports), games (col...",daily coverage pop culture products industry including toys action figures models statues anime anime manga japanese imports games col,0.03333333333333333
74,"Net, The (1995)",Watch the full interview now as a VladTV Youtube Member: Click Here,watch full interview vladtv youtube member click,0.35
75,"Net, The (1995)","Daily coverage of the pop culture products industry, including toys (action figures, models and statues), anime (anime, manga, and Japanese imports), games (col...",daily coverage pop culture products industry including toys action figures models statues anime anime manga japanese imports games col,0.03333333333333333
76,Strange Days (1995),Watch the full interview now as a VladTV Youtube Member: Click Here,watch full interview vladtv youtube member click,0.35
77,Strange Days (1995),"Daily coverage of the pop culture products industry, including toys (action figures, models and statues), anime (anime, manga, and Japanese imports), games (col...",daily coverage pop culture products industry including toys action figures models statues anime anime manga japanese imports games col,0.03333333333333333
78,"To Wong Foo, Thanks for Everything! Julie Newmar (1995)",Watch the full interview now as a VladTV Youtube Member: Click Here,watch full interview vladtv youtube member click,0.35
79,"To Wong Foo, Thanks for Everything! Julie Newmar (1995)","Daily coverage of the pop culture products industry, including toys (action figures, models and statues), anime (anime, manga, and Japanese imports), games (col...",daily coverage pop culture products industry including toys action figures models statues anime anime manga japanese imports games col,0.03333333333333333
80,Billy Madison (1995),Watch the full interview now as a VladTV Youtube Member: Click Here,watch full interview vladtv youtube member click,0.35
81,Billy Madison (1995),"Daily coverage of the pop culture products industry, including toys (action figures, models and statues), anime (anime, manga, and Japanese imports), games (col...",daily coverage pop culture products industry including toys action figures models statues anime anime manga japanese imports games col,0.03333333333333333
82,Clerks (1994),Watch the full interview now as a VladTV Youtube Member: Click Here,watch full interview vladtv youtube member click,0.35
83,Clerks (1994),"Daily coverage of the pop culture products industry, including toys (action figures, models and statues), anime (anime, manga, and Japanese imports), games (col...",daily coverage pop culture products industry including toys action figures models statues anime anime manga japanese imports games col,0.03333333333333333
84,Disclosure (1994),Watch the full interview now as a VladTV Youtube Member: Click Here,watch full interview vladtv youtube member click,0.35
85,Disclosure (1994),"Daily coverage of the pop culture products industry, including toys (action figures, models and statues), anime (anime, manga, and Japanese imports), games (col...",daily coverage pop culture products industry including toys action figures models statues anime anime manga japanese imports games col,0.03333333333333333
86,Dolores Claiborne (1994),Watch the full interview now as a VladTV Youtube Member: Click Here,watch full interview vladtv youtube member click,0.35
87,Dolores Claiborne (1994),"Daily coverage of the pop culture products industry, including toys (action figures, models and statues), anime (anime, manga, and Japanese imports), games (col...",daily coverage pop culture products industry including toys action figures models statues anime anime manga japanese imports games col,0.03333333333333333
88,Eat Drink Man Woman (1994),Watch the full interview now as a VladTV Youtube Member: Click Here,watch full interview vladtv youtube member click,0.35
89,Eat Drink Man Woman (1994),"Daily coverage of the pop culture products industry, including toys (action figures, models and statues), anime (anime, manga, and Japanese imports), games (col...",daily coverage pop culture products industry including toys action figures models statues anime anime manga japanese imports games col,0.03333333333333333
90,Exotica (1994),Watch the full interview now as a VladTV Youtube Member: Click Here,watch full interview vladtv youtube member click,0.35
91,Exotica (1994),"Daily coverage of the pop culture products industry, including toys (action figures, models and statues), anime (anime, manga, and Japanese imports), games (col...",daily coverage pop culture products industry including toys action figures models statues anime anime manga japanese imports games col,0.03333333333333333
92,Ed Wood (1994),Watch the full interview now as a VladTV Youtube Member: Click Here,watch full interview vladtv youtube member click,0.35
93,Ed Wood (1994),"Daily coverage of the pop culture products industry, including toys (action figures, models and statues), anime (anime, manga, and Japanese imports), games (col...",daily coverage pop culture products industry including toys action figures models statues anime anime manga japanese imports games col,0.03333333333333333
94,Hoop Dreams (1994),Watch the full interview now as a VladTV Youtube Member: Click Here,watch full interview vladtv youtube member click,0.35
95,Hoop Dreams (1994),"Daily coverage of the pop culture products industry, including toys (action figures, models and statues), anime (anime, manga, and Japanese imports), games (col...",daily coverage pop culture products industry including toys action figures models statues anime anime manga japanese imports games col,0.03333333333333333
96,I.Q. (1994),Watch the full interview now as a VladTV Youtube Member: Click Here,watch full interview vladtv youtube member click,0.35
97,I.Q. (1994),"Daily coverage of the pop culture products industry, including toys (action figures, models and statues), anime (anime, manga, and Japanese imports), games (col...",daily coverage pop culture products industry including toys action figures models statues anime anime manga japanese imports games col,0.03333333333333333
98,Star Wars (1977),Watch the full interview now as a VladTV Youtube Member: Click Here,watch full interview vladtv youtube member click,0.35
99,Star Wars (1977),"Daily coverage of the pop culture products industry, including toys (action figures, models and statues), anime (anime, manga, and Japanese imports), games (col...",daily coverage pop culture products industry including toys action figures models statues anime anime manga japanese imports games col,0.03333333333333333
100,Legends of the Fall (1994),Watch the full interview now as a VladTV Youtube Member: Click Here,watch full interview vladtv youtube member click,0.35
101,Legends of the Fall (1994),"Daily coverage of the pop culture products industry, including toys (action figures, models and statues), anime (anime, manga, and Japanese imports), games (col...",daily coverage pop culture products industry including toys action figures models statues anime anime manga japanese imports games col,0.03333333333333333
102,"Madness of King George, The (1994)",Watch the full interview now as a VladTV Youtube Member: Click Here,watch full interview vladtv youtube member click,0.35
103,"Madness of King George, The (1994)","Daily coverage of the pop culture products industry, including toys (action figures, models and statues), anime (anime, manga, and Japanese imports), games (col...",daily coverage pop culture products industry including toys action figures models statues anime anime manga japanese imports games col,0.03333333333333333
104,Natural Born Killers (1994),Watch the full interview now as a VladTV Youtube Member: Click Here,watch full interview vladtv youtube member click,0.35
105,Natural Born Killers (1994),"Daily coverage of the pop culture products industry, including toys (action figures, models and statues), anime (anime, manga, and Japanese imports), games (col...",daily coverage pop culture products industry including toys action figures models statues anime anime manga japanese imports games col,0.03333333333333333
106,Outbreak (1995),Watch the full interview now as a VladTV Youtube Member: Click Here,watch full interview vladtv youtube member click,0.35
107,Outbreak (1995),"Daily coverage of the pop culture products industry, including toys (action figures, models and statues), anime (anime, manga, and Japanese imports), games (col...",daily coverage pop culture products industry including toys action figures models statues anime anime manga japanese imports games col,0.03333333333333333
108,"Professional, The (1994)",Watch the full interview now as a VladTV Youtube Member: Click Here,watch full interview vladtv youtube member click,0.35
109,"Professional, The (1994)","Daily coverage of the pop culture products industry, including toys (action figures, models and statues), anime (anime, manga, and Japanese imports), games (col...",daily coverage pop culture products industry including toys action figures models statues anime anime manga japanese imports games col,0.03333333333333333
110,Pulp Fiction (1994),Watch the full interview now as a VladTV Youtube Member: Click Here,watch full interview vladtv youtube member click,0.35
111,Pulp Fiction (1994),"Daily coverage of the pop culture products industry, including toys (action figures, models and statues), anime (anime, manga, and Japanese imports), games (col...",daily coverage pop culture products industry including toys action figures models statues anime anime manga japanese imports games col,0.03333333333333333
112,Priest (1994),Watch the full interview now as a VladTV Youtube Member: Click Here,watch full interview vladtv youtube member click,0.35
113,Priest (1994),"Daily coverage of the pop culture products industry, including toys (action figures, models and statues), anime (anime, manga, and Japanese imports), games (col...",daily coverage pop culture products industry including toys action figures models statues anime anime manga japanese imports games col,0.03333333333333333
114,Quiz Show (1994),Watch the full interview now as a VladTV Youtube Member: Click Here,watch full interview vladtv youtube member click,0.35
115,Quiz Show (1994),"Daily coverage of the pop culture products industry, including toys (action figures, models and statues), anime (anime, manga, and Japanese imports), games (col...",daily coverage pop culture products industry including toys action figures models statues anime anime manga japanese imports games col,0.03333333333333333
116,Three Colors: Red (1994),Watch the full interview now as a VladTV Youtube Member: Click Here,watch full interview vladtv youtube member click,0.35
117,Three Colors: Red (1994),"Daily coverage of the pop culture products industry, including toys (action figures, models and statues), anime (anime, manga, and Japanese imports), games (col...",daily coverage pop culture products industry including toys action figures models statues anime anime manga japanese imports games col,0.03333333333333333
118,Three Colors: Blue (1993),Watch the full interview now as a VladTV Youtube Member: Click Here,watch full interview vladtv youtube member click,0.35
119,Three Colors: Blue (1993),"Daily coverage of the pop culture products industry, including toys (action figures, models and statues), anime (anime, manga, and Japanese imports), games (col...",daily coverage pop culture products industry including toys action figures models statues anime anime manga japanese imports games col,0.03333333333333333
120,Three Colors: White (1994),Watch the full interview now as a VladTV Youtube Member: Click Here,watch full interview vladtv youtube member click,0.35
121,Three Colors: White (1994),"Daily coverage of the pop culture products industry, including toys (action figures, models and statues), anime (anime, manga, and Japanese imports), games (col...",daily coverage pop culture products industry including toys action figures models statues anime anime manga japanese imports games col,0.03333333333333333
122,Stargate (1994),Watch the full interview now as a VladTV Youtube Member: Click Here,watch full interview vladtv youtube member click,0.35
123,Stargate (1994),"Daily coverage of the pop culture products industry, including toys (action figures, models and statues), anime (anime, manga, and Japanese imports), games (col...",daily coverage pop culture products industry including toys action figures models statues anime anime manga japanese imports games col,0.03333333333333333
124,"Santa Clause, The (1994)",Watch the full interview now as a VladTV Youtube Member: Click Here,watch full interview vladtv youtube member click,0.35
125,"Santa Clause, The (1994)","Daily coverage of the pop culture products industry, including toys (action figures, models and statues), anime (anime, manga, and Japanese imports), games (col...",daily coverage pop culture products industry including toys action figures models statues anime anime manga japanese imports games col,0.03333333333333333
126,"Shawshank Redemption, The (1994)",Watch the full interview now as a VladTV Youtube Member: Click Here,watch full interview vladtv youtube member click,0.35
127,"Shawshank Redemption, The (1994)","Daily coverage of the pop culture products industry, including toys (action figures, models and statues), anime (anime, manga, and Japanese imports), games (col...",daily coverage pop culture products industry including toys action figures models statues anime anime manga japanese imports games col,0.03333333333333333
128,What's Eating Gilbert Grape (1993),Watch the full interview now as a VladTV Youtube Member: Click Here,watch full interview vladtv youtube member click,0.35
129,What's Eating Gilbert Grape (1993),"Daily coverage of the pop culture products industry, including toys (action figures, models and statues), anime (anime, manga, and Japanese imports), games (col...",daily coverage pop culture products industry including toys action figures models statues anime anime manga japanese imports games col,0.03333333333333333
130,While You Were Sleeping (1995),Watch the full interview now as a VladTV Youtube Member: Click Here,watch full interview vladtv youtube member click,0.35
131,While You Were Sleeping (1995),"Daily coverage of the pop culture products industry, including toys (action figures, models and statues), anime (anime, manga, and Japanese imports), games (col...",daily coverage pop culture products industry including toys action figures models statues anime anime manga japanese imports games col,0.03333333333333333
132,Ace Ventura: Pet Detective (1994),Watch the full interview now as a VladTV Youtube Member: Click Here,watch full interview vladtv youtube member click,0.35
133,Ace Ventura: Pet Detective (1994),"Daily coverage of the pop culture products industry, including toys (action figures, models and statues), anime (anime, manga, and Japanese imports), games (col...",daily coverage pop culture products industry including toys action figures models statues anime anime manga japanese imports games col,0.03333333333333333
134,"Crow, The (1994)",Watch the full interview now as a VladTV Youtube Member: Click Here,watch full interview vladtv youtube member click,0.35
135,"Crow, The (1994)","Daily coverage of the pop culture products industry, including toys (action figures, models and statues), anime (anime, manga, and Japanese imports), games (col...",daily coverage pop culture products industry including toys action figures models statues anime anime manga japanese imports games col,0.03333333333333333
136,Forrest Gump (1994),Watch the full interview now as a VladTV Youtube Member: Click Here,watch full interview vladtv youtube member click,0.35
137,Forrest Gump (1994),"Daily coverage of the pop culture products industry, including toys (action figures, models and statues), anime (anime, manga, and Japanese imports), games (col...",daily coverage pop culture products industry including toys action figures models statues anime anime manga japanese imports games col,0.03333333333333333
138,Four Weddings and a Funeral (1994),Watch the full interview now as a VladTV Youtube Member: Click Here,watch full interview vladtv youtube member click,0.35
139,Four Weddings and a Funeral (1994),"Daily coverage of the pop culture products industry, including toys (action figures, models and statues), anime (anime, manga, and Japanese imports), games (col...",daily coverage pop culture products industry including toys action figures models statues anime anime manga japanese imports games col,0.03333333333333333
140,"Lion King, The (1994)",Watch the full interview now as a VladTV Youtube Member: Click Here,watch full interview vladtv youtube member click,0.35
141,"Lion King, The (1994)","Daily coverage of the pop culture products industry, including toys (action figures, models and statues), anime (anime, manga, and Japanese imports), games (col...",daily coverage pop culture products industry including toys action figures models statues anime anime manga japanese imports games col,0.03333333333333333
142,"Mask, The (1994)",Watch the full interview now as a VladTV Youtube Member: Click Here,watch full interview vladtv youtube member click,0.35
143,"Mask, The (1994)","Daily coverage of the pop culture products industry, including toys (action figures, models and statues), anime (anime, manga, and Japanese imports), games (col...",daily coverage pop culture products industry including toys action figures models statues anime anime manga japanese imports games col,0.03333333333333333
144,Maverick (1994),Watch the full interview now as a VladTV Youtube Member: Click Here,watch full interview vladtv youtube member click,0.35
145,Maverick (1994),"Daily coverage of the pop culture products industry, including toys (action figures, models and statues), anime (anime, manga, and Japanese imports), games (col...",daily coverage pop culture products industry including toys action figures models statues anime anime manga japanese imports games col,0.03333333333333333
146,Faster Pussycat! Kill! Kill! (1965),Watch the full interview now as a VladTV Youtube Member: Click Here,watch full interview vladtv youtube member click,0.35
147,Faster Pussycat! Kill! Kill! (1965),"Daily coverage of the pop culture products industry, including toys (action figures, models and statues), anime (anime, manga, and Japanese imports), games (col...",daily coverage pop culture products industry including toys action figures models statues anime anime manga japanese imports games col,0.03333333333333333
148,Brother Minister: The Assassination of Malcolm X (1994),Watch the full interview now as a VladTV Youtube Member: Click Here,watch full interview vladtv youtube member click,0.35
149,Brother Minister: The Assassination of Malcolm X (1994),"Daily coverage of the pop culture products industry, including toys (action figures, models and statues), anime (anime, manga, and Japanese imports), games (col...",daily coverage pop culture products industry including toys action figures models statues anime anime manga japanese imports games col,0.03333333333333333
150,Carlito's Way (1993),Watch the full interview now as a VladTV Youtube Member: Click Here,watch full interview vladtv youtube member click,0.35
151,Carlito's Way (1993),"Daily coverage of the pop culture products industry, including toys (action figures, models and statues), anime (anime, manga, and Japanese imports), games (col...",daily coverage pop culture products industry including toys action figures models statues anime anime manga japanese imports games col,0.03333333333333333
152,"Firm, The (1993)",Watch the full interview now as a VladTV Youtube Member: Click Here,watch full interview vladtv youtube member click,0.35
153,"Firm, The (1993)","Daily coverage of the pop culture products industry, including toys (action figures, models and statues), anime (anime, manga, and Japanese imports), games (col...",daily coverage pop culture products industry including toys action figures models statues anime anime manga japanese imports games col,0.03333333333333333
154,Free Willy (1993),Watch the full interview now as a VladTV Youtube Member: Click Here,watch full interview vladtv youtube member click,0.35
155,Free Willy (1993),"Daily coverage of the pop culture products industry, including toys (action figures, models and statues), anime (anime, manga, and Japanese imports), games (col...",daily coverage pop culture products industry including toys action figures models statues anime anime manga japanese imports games col,0.03333333333333333
156,"Fugitive, The (1993)",Watch the full interview now as a VladTV Youtube Member: Click Here,watch full interview vladtv youtube member click,0.35
157,"Fugitive, The (1993)","Daily coverage of the pop culture products industry, including toys (action figures, models and statues), anime (anime, manga, and Japanese imports), games (col...",daily coverage pop culture products industry including toys action figures models statues anime anime manga japanese imports games col,0.03333333333333333
158,Hot Shots! Part Deux (1993),Watch the full interview now as a VladTV Youtube Member: Click Here,watch full interview vladtv youtube member click,0.35
159,Hot Shots! Part Deux (1993),"Daily coverage of the pop culture products industry, including toys (action figures, models and statues), anime (anime, manga, and Japanese imports), games (col...",daily coverage pop culture products industry including toys action figures models statues anime anime manga japanese imports games col,0.03333333333333333
160,"Hudsucker Proxy, The (1994)",Watch the full interview now as a VladTV Youtube Member: Click Here,watch full interview vladtv youtube member click,0.35
161,"Hudsucker Proxy, The (1994)","Daily coverage of the pop culture products industry, including toys (action figures, models and statues), anime (anime, manga, and Japanese imports), games (col...",daily coverage pop culture products industry including toys action figures models statues anime anime manga japanese imports games col,0.03333333333333333
162,Jurassic Park (1993),Watch the full interview now as a VladTV Youtube Member: Click Here,watch full interview vladtv youtube member click,0.35
163,Jurassic Park (1993),"Daily coverage of the pop culture products industry, including toys (action figures, models and statues), anime (anime, manga, and Japanese imports), games (col...",daily coverage pop culture products industry including toys action figures models statues anime anime manga japanese imports games col,0.03333333333333333
164,Much Ado About Nothing (1993),Watch the full interview now as a VladTV Youtube Member: Click Here,watch full interview vladtv youtube member click,0.35
165,Much Ado About Nothing (1993),"Daily coverage of the pop culture products industry, including toys (action figures, models and statues), anime (anime, manga, and Japanese imports), games (col...",daily coverage pop culture products industry including toys action figures models statues anime anime manga japanese imports games col,0.03333333333333333
166,Robert A. Heinlein's The Puppet Masters (1994),Watch the full interview now as a VladTV Youtube Member: Click Here,watch full interview vladtv youtube member click,0.35
167,Robert A. Heinlein's The Puppet Masters (1994),"Daily coverage of the pop culture products industry, including toys (action figures, models and statues), anime (anime, manga, and Japanese imports), games (col...",daily coverage pop culture products industry including toys action figures models statues anime anime manga japanese imports games col,0.03333333333333333
168,"Ref, The (1994)",Watch the full interview now as a VladTV Youtube Member: Click Here,watch full interview vladtv youtube member click,0.35
169,"Ref, The (1994)","Daily coverage of the pop culture products industry, including toys (action figures, models and statues), anime (anime, manga, and Japanese imports), games (col...",daily coverage pop culture products industry including toys action figures models statues anime anime manga japanese imports games col,0.03333333333333333
170,"Remains of the Day, The (1993)",Watch the full interview now as a VladTV Youtube Member: Click Here,watch full interview vladtv youtube member click,0.35
171,"Remains of the Day, The (1993)","Daily coverage of the pop culture products industry, including toys (action figures, models and statues), anime (anime, manga, and Japanese imports), games (col...",daily coverage pop culture products industry including toys action figures models statues anime anime manga japanese imports games col,0.03333333333333333
172,Searching for Bobby Fischer (1993),Watch the full interview now as a VladTV Youtube Member: Click Here,watch full interview vladtv youtube member click,0.35
173,Searching for Bobby Fischer (1993),"Daily coverage of the pop culture products industry, including toys (action figures, models and statues), anime (anime, manga, and Japanese imports), games (col...",daily coverage pop culture products industry including toys action figures models statues anime anime manga japanese imports games col,0.03333333333333333
174,Sleepless in Seattle (1993),Watch the full interview now as a VladTV Youtube Member: Click Here,watch full interview vladtv youtube member click,0.35
175,Sleepless in Seattle (1993),"Daily coverage of the pop culture products industry, including toys (action figures, models and statues), anime (anime, manga, and Japanese imports), games (col...",daily coverage pop culture products industry including toys action figures models statues anime anime manga japanese imports games col,0.03333333333333333
176,Blade Runner (1982),Watch the full interview now as a VladTV Youtube Member: Click Here,watch full interview vladtv youtube member click,0.35
177,Blade Runner (1982),"Daily coverage of the pop culture products industry, including toys (action figures, models and statues), anime (anime, manga, and Japanese imports), games (col...",daily coverage pop culture products industry including toys action figures models statues anime anime manga japanese imports games col,0.03333333333333333
178,So I Married an Axe Murderer (1993),Watch the full interview now as a VladTV Youtube Member: Click Here,watch full interview vladtv youtube member click,0.35
179,So I Married an Axe Murderer (1993),"Daily coverage of the pop culture products industry, including toys (action figures, models and statues), anime (anime, manga, and Japanese imports), games (col...",daily coverage pop culture products industry including toys action figures models statues anime anime manga japanese imports games col,0.03333333333333333
180,"Nightmare Before Christmas, The (1993)",Watch the full interview now as a VladTV Youtube Member: Click Here,watch full interview vladtv youtube member click,0.35
181,"Nightmare Before Christmas, The (1993)","Daily coverage of the pop culture products industry, including toys (action figures, models and statues), anime (anime, manga, and Japanese imports), games (col...",daily coverage pop culture products industry including toys action figures models statues anime anime manga japanese imports games col,0.03333333333333333
182,True Romance (1993),Watch the full interview now as a VladTV Youtube Member: Click Here,watch full interview vladtv youtube member click,0.35
183,True Romance (1993),"Daily coverage of the pop culture products industry, including toys (action figures, models and statues), anime (anime, manga, and Japanese imports), games (col...",daily coverage pop culture products industry including toys action figures models statues anime anime manga japanese imports games col,0.03333333333333333
184,Welcome to the Dollhouse (1995),Watch the full interview now as a VladTV Youtube Member: Click Here,watch full interview vladtv youtube member click,0.35
185,Welcome to the Dollhouse (1995),"Daily coverage of the pop culture products industry, including toys (action figures, models and statues), anime (anime, manga, and Japanese imports), games (col...",daily coverage pop culture products industry including toys action figures models statues anime anime manga japanese imports games col,0.03333333333333333
186,Home Alone (1990),Watch the full interview now as a VladTV Youtube Member: Click Here,watch full interview vladtv youtube member click,0.35
187,Home Alone (1990),"Daily coverage of the pop culture products industry, including toys (action figures, models and statues), anime (anime, manga, and Japanese imports), games (col...",daily coverage pop culture products industry including toys action figures models statues anime anime manga japanese imports games col,0.03333333333333333
188,Aladdin (1992),Watch the full interview now as a VladTV Youtube Member: Click Here,watch full interview vladtv youtube member click,0.35
189,Aladdin (1992),"Daily coverage of the pop culture products industry, including toys (action figures, models and statues), anime (anime, manga, and Japanese imports), games (col...",daily coverage pop culture products industry including toys action figures models statues anime anime manga japanese imports games col,0.03333333333333333
190,Terminator 2: Judgment Day (1991),Watch the full interview now as a VladTV Youtube Member: Click Here,watch full interview vladtv youtube member click,0.35
191,Terminator 2: Judgment Day (1991),"Daily coverage of the pop culture products industry, including toys (action figures, models and statues), anime (anime, manga, and Japanese imports), games (col...",daily coverage pop culture products industry including toys action figures models statues anime anime manga japanese imports games col,0.03333333333333333
192,Dances with Wolves (1990),Watch the full interview now as a VladTV Youtube Member: Click Here,watch full interview vladtv youtube member click,0.35
193,Dances with Wolves (1990),"Daily coverage of the pop culture products industry, including toys (action figures, models and statues), anime (anime, manga, and Japanese imports), games (col...",daily coverage pop culture products industry including toys action figures models statues anime anime manga japanese imports games col,0.03333333333333333
194,"Silence of the Lambs, The (1991)",Watch the full interview now as a VladTV Youtube Member: Click Here,watch full interview vladtv youtube member click,0.35
195,"Silence of the Lambs, The (1991)","Daily coverage of the pop culture products industry, including toys (action figures, models and statues), anime (anime, manga, and Japanese imports), games (col...",daily coverage pop culture products industry including toys action figures models statues anime anime manga japanese imports games col,0.03333333333333333
196,Snow White and the Seven Dwarfs (1937),Watch the full interview now as a VladTV Youtube Member: Click Here,watch full interview vladtv youtube member click,0.35
197,Snow White and the Seven Dwarfs (1937),"Daily coverage of the pop culture products industry, including toys (action figures, models and statues), anime (anime, manga, and Japanese imports), games (col...",daily coverage pop culture products industry including toys action figures models statues anime anime manga japanese imports games col,0.03333333333333333
198,Fargo (1996),Watch the full interview now as a VladTV Youtube Member: Click Here,watch full interview vladtv youtube member click,0.35
199,Fargo (1996),"Daily coverage of the pop culture products industry, including toys (action figures, models and statues), anime (anime, manga, and Japanese imports), games (col...",daily coverage pop culture products industry including toys action figures models statues anime anime manga japanese imports games col,0.03333333333333333
